hospital_id,hospital_name,address,latitude,longitude,phone
H001,Lifeline Hospital,"Sai Arcade, Shivaji Road, Opposite ST Bus Depot, Old Panvel - 410206",18.9917,73.1102,022-27456789
H002,Ashtvinayak Hospital,"Plot 10, Sector 6, Khanda Colony, Near Khandeshwar Lake, New Panvel West - 410206",18.9975,73.101,022-27480000
H003,Laxmi Eye Institute,"Mulla Hamid Road, Near Hotel Panchratna, Old Uran Road, Old Panvel - 410206",18.9928,73.1088,022-27452020
H004,Purohit Clinic,"Plot 78, MCCH Society Street, Tilak Nagar, Panvel - 410206",18.9905,73.113,022-27456078
H005,Nair Super Speciality Eye Hospital,"Plot No. 68, Mihir Villa, Sector 4, Opp New Panvel Masjid, New Panvel - 410206",18.9985,73.1175,022-27460068
H006,Medicover Hospitals,"Sector 7, Kharghar, Navi Mumbai - 410210",19.0474,73.0664,022-71506666
H007,Prachin Healthcare Multispeciality Hospital,"Sector 8, Panvel, Navi Mumbai - 410206",18.995,73.116,022-27468888
H008,Ashvini Maternity & Nursing Home,"Near Sai Mandir, Old Panvel - 410206",18.9932,73.108,022-27458888
H009,Panvel Hospital,"Ridhi Sidhi Plaza, Plot No. 260A, Uran Road, Uran Naka, Old Panvel - 410206",18.9895,73.1105,022-27454545
H010,MGM Medical College & Hospital,"Plot 1 & 2, Sector 1, Kamothe, Navi Mumbai - 410209",19.0186,73.0952,022-27437600
H011,Aadhar Multispeciality Hospital & ICU,"Sector 11, Khanda Colony, New Panvel - 410206",18.996,73.1035,022-27480808
H012,Shree Hospital,"Near Railway Station, City Bus Depot, New Panvel - 410206",18.9999,73.1183,022-27451234
H013,Reliance Hospital,"Lodhivali Township, Taluka Panvel - 410203",18.95,73.22,022-27408000
H014,Shreeyash Maternity & Orthopaedic Hospital,"Vijay Marg, Next to Bank of India, Sector 19, New Panvel - 410206",19.0005,73.12,022-27451919
H015,Life Care Multi Speciality Hospital,"Vichumbe Road, Om Aaiji Darshan, Vichumbe Village, Panvel - 410206",18.97,73.14,022-27495000
H016,Ayushman Hospital,"Plot No. 6, Road No. 16, Sector 19, Opposite Hong Kong Market, Panvel East - 410206",19.001,73.121,022-27461919
H017,Dr. Patil's Hospital,"Near Railway Station, Old Panvel - 410206",18.9922,73.1095,022-27456000
H018,Niramay Hospital,"Plot 148, VB Phadke Road, MCHS, Near Shivaji Chowk, Old Panvel - 410206",18.991,73.1112,022-27460148
H019,Chirayu Children Hospital,"4th Floor, Neel Enclave, Plot No. 1, Sector 9, Khanda Colony, New Panvel East - 410206",18.9968,73.1042,022-27480909
H020,Sukham Hospital,"Ganesh Nagar, Behind Gaondevi Mandir, Old Panvel - 410206",18.9915,73.107,022-27457777
H021,Birmole Hospital,"118/1, CUF Road, CUF Nagar, Opposite Royal Cosmo Club, Old Panvel - 410206",18.99,73.1065,022-27452118
H022,Balaji Hospital,"Sector 15, New Panvel East - 410206",18.999,73.122,022-27465555
H023,Panacea Hospital,"Plot No. 105-106, Near Khandeshwar Bridge, Sector 8, New Panvel East - 410206",18.9958,73.1165,022-27451818
H024,Gandhi Hospital,"142, MCCH Society Street, Near Kohinoor Technical Institute, Panvel - 410206",18.9912,73.1125,022-27453142
H025,Panvel Sub-District Hospital,"Hospital Road, Near Old Bus Stand, Panvel - 410206",18.989,73.112,022-27452222
