partner_name,phone,vehicle_type,location,availability_status
Rahul Sharma,9876500001,Bike,Panvel Station Road,Available
Amit Patil,9876500002,Scooty,Kalamboli,Busy
Sanjay Yadav,9876500003,Bike,Kharghar,Available
Vikram Singh,9876500004,Scooty,New Panvel,Offline
Pooja Desai,9876500005,Scooty,Khanda Colony,Available
Imran Shaikh,9876500006,Bike,Kamothe,Busy
Neha Kulkarni,9876500007,Scooty,Taloja,Available
Rohit Jadhav,9876500008,Bike,Karanjade,Available
Suresh Nair,9876500009,Bike,Uran Naka,Offline
Kiran More,9876500010,Scooty,Khandeshwar,Available
